generation,best_fitness,mean_fitness,elapsed_s,probe_mean
1,0.005666666666666667,0.005583333333333334,15.312000000005355,0.0
2,0.005666666666666667,0.005656250000000001,32.82799999999406,
3,0.005722222222222222,0.005659722222222223,47.57799999999406,
4,0.007777777777777778,0.005770833333333334,62.625,
5,0.0105,0.006944444444444446,79.31200000000536,0.0
6,0.012222222222222223,0.006381944444444445,97.1710000000021,
7,0.010833333333333334,0.007833333333333335,115.82799999999406,
8,0.011666666666666667,0.006680555555555556,132.73399999999674,
9,0.011666666666666667,0.008159722222222223,153.0460000000021,
10,0.011666666666666667,0.008309027777777778,173.38999999999942,0.0
11,0.011666666666666667,0.01015625,201.01499999999942,
12,0.011666666666666667,0.009288194444444444,224.01499999999942,
13,0.011666666666666667,0.009729166666666667,248.0,
14,0.011722222222222222,0.010354166666666668,273.6399999999994,
15,0.011666666666666667,0.009145833333333332,297.3899999999994,0.0
16,0.011666666666666667,0.009336805555555557,323.56200000000536,
17,0.011666666666666667,0.009913194444444443,348.6710000000021,
18,0.011666666666666667,0.009204861111111112,374.06200000000536,
19,0.011888888888888888,0.0110625,408.93700000000536,
20,0.011833333333333335,0.00975,436.68700000000536,0.0
21,0.011944444444444445,0.01034375,473.82799999999406,
22,0.012166666666666668,0.010347222222222223,507.5310000000027,
23,0.012055555555555555,0.009885416666666667,540.7339999999967,
24,0.011833333333333335,0.008951388888888889,571.625,
25,0.011722222222222222,0.009541666666666667,601.8429999999935,0.0
26,0.011666666666666667,0.010395833333333333,636.4529999999941,
27,0.011666666666666667,0.009597222222222222,665.0460000000021,
28,0.011666666666666667,0.01021875,692.5929999999935,
29,0.011666666666666667,0.010722222222222223,719.8589999999967,
30,0.012000000000000002,0.011225694444444444,754.0149999999994,0.0
31,0.011777777777777778,0.01123263888888889,784.0310000000027,
32,0.011777777777777778,0.00923263888888889,806.4529999999941,
33,0.011833333333333335,0.011243055555555556,833.75,
34,0.011666666666666667,0.01013888888888889,858.3429999999935,
35,0.012333333333333335,0.010920138888888889,888.0149999999994,0.0
36,0.011666666666666667,0.009725694444444445,920.2179999999935,
37,0.011833333333333335,0.011604166666666667,950.1560000000027,
38,0.012055555555555555,0.011225694444444444,978.1870000000054,
39,0.012111111111111112,0.01125,1006.75,
40,0.012111111111111112,0.009677083333333333,1033.3429999999935,0.0
41,0.012000000000000002,0.010375,1066.625,
42,0.012000000000000002,0.009763888888888888,1094.0149999999994,
43,0.011666666666666667,0.00988888888888889,1118.0,
44,0.011833333333333335,0.010517361111111113,1141.8120000000054,
45,0.011944444444444445,0.010263888888888888,1167.4839999999967,0.0
46,0.012166666666666668,0.011319444444444444,1387.25,
47,0.011944444444444445,0.0103125,1418.5310000000027,
48,0.011944444444444445,0.010260416666666668,1443.6560000000027,
49,0.011722222222222222,0.008989583333333332,1466.6089999999967,
50,0.011666666666666667,0.010986111111111113,1495.1870000000054,0.0
51,0.011833333333333335,0.011291666666666669,1526.546000000002,
52,0.012000000000000002,0.0116875,1552.9060000000027,
53,0.011722222222222222,0.010822916666666666,1576.4679999999935,
54,0.012333333333333335,0.011538194444444445,1746.7810000000027,
55,0.012333333333333335,0.01168402777777778,1774.3589999999967,0.0
56,0.012055555555555555,0.010236111111111112,1799.5,
57,0.011888888888888888,0.010486111111111113,1820.8120000000054,
58,0.012111111111111112,0.010454861111111113,1842.5,
59,0.012055555555555555,0.010114583333333335,1861.7339999999967,
60,0.012444444444444445,0.011489583333333333,1885.3899999999994,0.0
61,0.011833333333333335,0.008461805555555556,1904.2649999999994,
62,0.012166666666666668,0.010708333333333334,1925.0929999999935,
63,0.012166666666666668,0.011413194444444445,1945.0929999999935,
64,0.012055555555555555,0.010166666666666668,1963.3899999999994,
65,0.012055555555555555,0.010034722222222223,1982.921000000002,0.0
66,0.012111111111111112,0.00848263888888889,2000.7179999999935,
67,0.011944444444444445,0.01096875,2022.6560000000027,
68,0.012222222222222223,0.011333333333333334,2046.6399999999994,
69,0.012111111111111112,0.011371527777777779,2068.625,
70,0.012222222222222223,0.010350694444444444,2089.6399999999994,0.0
71,0.012444444444444445,0.010232638888888888,2110.5,
72,0.012055555555555555,0.009225694444444443,2128.875,
73,0.012111111111111112,0.01151736111111111,2150.577999999994,
74,0.012333333333333335,0.010736111111111111,2172.577999999994,
75,0.012333333333333335,0.008663194444444446,2189.9839999999967,0.0
76,0.012222222222222223,0.009267361111111112,2209.5620000000054,
77,0.012222222222222223,0.009076388888888887,2225.5929999999935,
78,0.012166666666666668,0.010270833333333333,2246.1870000000054,
79,0.012222222222222223,0.009947916666666667,2268.046000000002,
80,0.012111111111111112,0.011159722222222224,2289.327999999994,0.0
81,0.012333333333333335,0.010128472222222223,2311.0929999999935,
82,0.012111111111111112,0.01028125,2334.875,
83,0.012333333333333335,0.009850694444444447,2354.452999999994,
84,0.012166666666666668,0.011215277777777779,2376.1870000000054,
85,0.012000000000000002,0.009809027777777778,2397.202999999994,0.0
86,0.012111111111111112,0.009572916666666667,2418.5929999999935,
87,0.012055555555555555,0.010173611111111112,2439.3899999999994,
88,0.012333333333333335,0.010697916666666668,2462.5310000000027,
89,0.012111111111111112,0.009059027777777779,2480.7649999999994,
90,0.012222222222222223,0.010128472222222223,2499.125,0.0
91,0.012333333333333335,0.009760416666666667,2519.796000000002,
92,0.012111111111111112,0.011243055555555556,2541.3120000000054,
93,0.012444444444444445,0.011354166666666667,2565.452999999994,
94,0.012333333333333335,0.010045138888888888,2585.9370000000054,
95,0.012222222222222223,0.011239583333333334,2607.546000000002,0.0
96,0.012333333333333335,0.010465277777777778,2635.046000000002,
97,0.012166666666666668,0.009878472222222223,2657.5149999999994,
98,0.012222222222222223,0.010385416666666668,2677.6870000000054,
99,0.012333333333333335,0.009770833333333334,2698.577999999994,
100,0.012222222222222223,0.011239583333333334,2719.6870000000054,0.0
101,0.012333333333333335,0.010625,2742.0,
102,0.012333333333333335,0.011625,2766.4679999999935,
103,0.012333333333333335,0.010795138888888889,2791.4370000000054,
104,0.012333333333333335,0.010770833333333334,2813.8429999999935,
105,0.012222222222222223,0.010527777777777778,2839.046000000002,0.0
106,0.012444444444444445,0.010954861111111113,2867.827999999994,
107,0.012333333333333335,0.010604166666666668,2886.75,
108,0.012444444444444445,0.010736111111111113,2904.5620000000054,
109,0.012222222222222223,0.01028125,2923.3120000000054,
110,0.012333333333333335,0.011694444444444445,2946.5149999999994,0.0
111,0.012444444444444445,0.011444444444444445,2969.6560000000027,
112,0.012222222222222223,0.010336805555555556,2990.6399999999994,
113,0.012333333333333335,0.011892361111111112,3014.046000000002,
114,0.012111111111111112,0.011142361111111112,3036.452999999994,
115,0.012333333333333335,0.010902777777777779,3059.9839999999967,0.0
116,0.012444444444444445,0.011072916666666668,3101.702999999994,
117,0.012444444444444445,0.010961805555555558,3130.952999999994,
118,0.012333333333333335,0.010666666666666668,3152.0310000000027,
119,0.012333333333333335,0.010190972222222223,3176.2810000000027,
120,0.012444444444444445,0.010628472222222223,3196.9370000000054,0.0
121,0.012333333333333335,0.011836805555555557,3223.327999999994,
122,0.012444444444444445,0.010663194444444444,3244.8589999999967,
123,0.012444444444444445,0.010628472222222223,3264.9370000000054,
124,0.012444444444444445,0.010840277777777779,3289.2179999999935,
125,0.012277777777777778,0.011635416666666667,3314.0929999999935,0.0
126,0.012444444444444445,0.01159027777777778,3337.4679999999935,
127,0.012444444444444445,0.011708333333333334,3363.2649999999994,
128,0.012333333333333335,0.010635416666666668,3386.077999999994,
129,0.012444444444444445,0.011559027777777777,3409.171000000002,
130,0.012333333333333335,0.011916666666666667,3434.9679999999935,0.0
131,0.012333333333333335,0.010934027777777779,3459.5,
132,0.012333333333333335,0.011104166666666668,3484.7810000000027,
133,0.012444444444444445,0.01196875,3510.9370000000054,
134,0.012333333333333335,0.010562500000000002,3534.125,
135,0.012444444444444445,0.010881944444444446,3556.8120000000054,0.0
136,0.012444444444444445,0.011149305555555556,3580.9060000000027,
137,0.012333333333333335,0.011677083333333334,3605.296000000002,
138,0.012333333333333335,0.011677083333333334,3626.6399999999994,
139,0.012333333333333335,0.011322916666666667,3650.9839999999967,
140,0.012444444444444445,0.011069444444444444,3672.921000000002,0.0
141,0.012333333333333335,0.011725694444444445,3694.125,
142,0.012444444444444445,0.011524305555555557,3713.452999999994,
143,0.012444444444444445,0.010656249999999999,3732.5929999999935,
144,0.012333333333333335,0.011336805555555555,3752.546000000002,
145,0.012333333333333335,0.011381944444444445,3770.952999999994,0.0
146,0.012222222222222223,0.011409722222222224,3791.9370000000054,
147,0.012333333333333335,0.01180902777777778,3811.296000000002,
148,0.012333333333333335,0.01165277777777778,3830.296000000002,
149,0.012333333333333335,0.01204513888888889,3849.75,
150,0.012333333333333335,0.011204861111111112,3870.3899999999994,0.0
